symbol,side,entry_price,exit_price,quantity,stop,target,risk_usdt,gross_pnl,fee_usdt,pnl,result,close_reason,balance_after
BTCUSDT,SHORT,87961.2,86551.25939723552,0.07092497357968795,88666.17030138224,86551.25939723552,50.0,100.0,12.37729157,87.62270843,WIN,TAKE_PROFIT,10087.62270843
BTCUSDT,SHORT,85301.1,83196.83951112369,0.047939039685228536,86353.23024443816,83196.83951112369,50.438113542150006,100.87622708,8.07762941,92.79859768,WIN,TAKE_PROFIT,10180.42130611
BTCUSDT,SHORT,81988.5,83459.44676367403,0.03460499576708684,83459.44676367403,79046.60647265194,50.90210653055,-50.90210653,5.7253255,-56.62743203,LOSS,STOP_LOSS,10123.79387408
SOLUSDT,LONG,117.33,115.08632567230285,22.560747228566804,115.08632567230285,121.8173486553943,50.6189693704,-50.61896937,5.24348598,-55.86245535,LOSS,STOP_LOSS,10067.93141873
BTCUSDT,SHORT,82586.9,83983.46337584562,0.036045379654302726,83983.46337584562,79793.77324830876,50.339657093650004,-50.33965709,6.00409199,-56.34374908,LOSS,STOP_LOSS,10011.58766965
BTCUSDT,LONG,83897.3,82038.98123633342,0.026937218375539824,82038.98123633342,87613.93752733317,50.05793834825,-50.05793835,4.46986184,-54.52780019,LOSS,STOP_LOSS,9957.05986946
BTCUSDT,SHORT,81568.6,79619.8761882335,0.05109528507497396,82542.96190588326,79619.8761882335,49.7852993473,99.57059869,8.23597114,91.33462755,WIN,TAKE_PROFIT,10048.39449701
BTCUSDT,SHORT,78817.1,74835.3854893673,0.025236350999492646,80807.95725531636,74835.3854893673,50.24197248505,100.48394497,3.87762806,96.60631691,WIN,TAKE_PROFIT,10145.00081392
BTCUSDT,SHORT,74603.4,76608.60568767731,0.025296658782349785,76608.60568767731,70592.98862464537,50.7250040696,-50.72500407,3.82515851,-54.55016258,LOSS,STOP_LOSS,10090.45065134
ETHUSDT,SHORT,2219.72,2328.2197012761417,0.4649990061105717,2328.2197012761417,2002.7205974477156,50.4522532567,-50.45225326,2.11478744,-52.5670407,LOSS,STOP_LOSS,10037.88361064
BTCUSDT,LONG,78172.1,76975.9620122856,0.04195955530941898,76975.9620122856,80564.37597542883,50.1894180532,-50.18941805,6.50994369,-56.69936174,LOSS,STOP_LOSS,9981.1842489
BTCUSDT,SHORT,76642.9,73512.80119654897,0.03188776098024591,78207.9494017255,73512.80119654897,49.90592124449999,99.81184249,4.78812911,95.02371338,WIN,TAKE_PROFIT,10076.20796228
BTCUSDT,SHORT,73111.7,74857.54999036572,0.028857599501344398,74857.54999036572,69620.00001926855,50.381039811399994,-50.38103981,4.27003735,-54.65107717,LOSS,STOP_LOSS,10021.55688511
BTCUSDT,SHORT,74523.6,76573.46784819674,0.024444397461831288,76573.46784819674,70423.86430360652,50.10778442555,-50.10778443,3.69347678,-53.80126121,LOSS,STOP_LOSS,9967.7556239
BTCUSDT,SHORT,75803.5,71895.5403543932,0.0255062910772516,77757.4798228034,71895.5403543932,49.838778119500006,99.67755624,3.76725472,95.91030152,WIN,TAKE_PROFIT,10063.66592542
BTCUSDT,SHORT,72306.7,68373.2990115733,0.025585151259763426,74273.40049421335,68373.2990115733,50.3183296271,100.63665925,3.59931905,97.0373402,WIN,TAKE_PROFIT,10160.70326562
BTCUSDT,SHORT,67963.4,63712.28380105182,0.02390125978709778,70088.95809947408,63712.28380105182,50.8035163281,101.60703266,3.14721473,98.45981793,WIN,TAKE_PROFIT,10259.16308355
BTCUSDT,SHORT,63820.7,66549.88313872181,0.018795299842638606,66549.88313872181,58362.333722556374,51.29581541775,-51.29581542,2.4503542,-53.74616962,LOSS,STOP_LOSS,10205.41691393
BTCUSDT,SHORT,65034.4,67481.31159370652,0.020853669049953553,67481.31159370652,60140.57681258698,51.02708456964999,-51.02708457,2.76343879,-53.79052336,LOSS,STOP_LOSS,10151.62639057
ETHUSDT,LONG,1971.92,2096.3669617804835,0.815739190843151,1909.6965191097584,2096.3669617804835,50.75813195285,101.51626391,3.31866111,98.19760279,WIN,TAKE_PROFIT,10249.82399336
BTCUSDT,LONG,71181.1,69912.58682907755,0.04040093642033837,69912.58682907755,73718.12634184492,51.2491199668,-51.24911997,5.70031707,-56.94943704,LOSS,STOP_LOSS,10192.87455632
SOLUSDT,SHORT,86.21,88.41466857636675,23.116568779507087,88.41466857636675,81.8006628472665,50.9643727816,-50.96437278,4.03672316,-55.00109594,LOSS,STOP_LOSS,10137.87346038
BTCUSDT,SHORT,69100.2,70013.63487209046,0.055493137880638574,70013.63487209046,67273.33025581905,50.68936730189999,-50.6893673,7.71986322,-58.40923052,LOSS,STOP_LOSS,10079.46422986
ETHUSDT,LONG,2101.46,2068.638946856009,1.5355180995624842,2068.638946856009,2167.1021062879818,50.3973211493,-50.39732115,6.40326241,-56.80058356,LOSS,STOP_LOSS,10022.6636463
SOLUSDT,SHORT,86.19,81.09901733006444,19.68709048154525,88.73549133496778,81.09901733006444,50.113318231499996,100.22663646,3.29343402,96.93320244,WIN,TAKE_PROFIT,10119.59684874
BTCUSDT,SHORT,66883.0,67849.61744471562,0.05234540771047811,67849.61744471562,64949.76511056875,50.59798424369999,-50.59798424,7.05263379,-57.65061804,LOSS,STOP_LOSS,10061.9462307
SOLUSDT,SHORT,81.08,76.82936553929905,23.671633784855587,83.20531723035047,76.82936553929905,50.309731153499996,100.61946231,3.73797267,96.88148963,WIN,TAKE_PROFIT,10158.82772033
BTCUSDT,SHORT,65401.0,66740.69949504483,0.03791457620871191,66740.69949504483,62721.601009910344,50.79413860164999,-50.7941386,5.01009654,-55.80423514,LOSS,STOP_LOSS,10103.02348519
ETHUSDT,LONG,1953.29,1924.609056771858,1.7612781080499478,1924.609056771858,2010.651886456284,50.515117425949995,-50.51511743,6.83005871,-57.34517614,LOSS,STOP_LOSS,10045.67830905
BTCUSDT,SHORT,66061.6,66747.95372725361,0.0731814945425235,66747.95372725361,64688.8925454928,50.22839154525,-50.22839155,9.71920163,-59.94759318,LOSS,STOP_LOSS,9985.73071587
BTCUSDT,LONG,66789.9,68250.72574495846,0.06835675473500047,66059.48712752077,68250.72574495846,49.92865357934999,99.85730716,9.23093893,90.62636823,WIN,TAKE_PROFIT,10076.3570841
SOLUSDT,LONG,84.89,87.27530228145976,42.24352260265089,83.69734885927012,87.27530228145976,50.381785420499995,100.76357084,7.27286884,93.490702,WIN,TAKE_PROFIT,10169.8477861
SOLUSDT,LONG,86.7,89.19462493325464,40.767041371753635,85.45268753337268,89.19462493325464,50.849238930499986,101.69847786,7.17070345,94.52777441,WIN,TAKE_PROFIT,10264.37556051
BTCUSDT,LONG,70406.1,69621.78533924746,0.065435316169287,69621.78533924746,71974.7293215051,51.32187780254999,-51.3218778,9.16276895,-60.48464675,LOSS,STOP_LOSS,10203.89091376
ETHUSDT,SHORT,2009.78,1937.4904904480065,1.411531351782232,2045.9247547759967,1937.4904904480065,51.01945456879999,102.03890914,5.57169605,96.46721309,WIN,TAKE_PROFIT,10300.35812685
BTCUSDT,SHORT,68156.2,69018.05156826891,0.05975714674128264,69018.05156826891,66432.49686346218,51.50179063424999,-51.50179063,8.19714188,-59.69893251,LOSS,STOP_LOSS,10240.65919434
ETHUSDT,SHORT,1962.48,1999.29368795467,1.3908765683771873,1999.29368795467,1888.8526240906601,51.20329597169999,-51.20329597,5.51033819,-56.71363416,LOSS,STOP_LOSS,10183.94556018
SOLUSDT,LONG,86.23,84.69437951264288,33.15905734530514,84.69437951264288,89.30124097471423,50.91972780089999,-50.9197278,5.6676913,-56.5874191,LOSS,STOP_LOSS,10127.35814108
SOLUSDT,SHORT,84.94,86.75379045254589,27.9176630543648,86.75379045254589,81.31241909490822,50.63679070539999,-50.63679071,4.79328939,-55.4300801,LOSS,STOP_LOSS,10071.92806098
ETHUSDT,LONG,1997.57,1970.6745472115117,1.872422104247115,1970.6745472115117,2051.360905576976,50.35964030489998,-50.3596403,7.43022881,-57.78986911,LOSS,STOP_LOSS,10014.13819187
BTCUSDT,SHORT,68019.0,66552.5412804627,0.06828789694830059,68752.22935976865,66552.5412804627,50.07069095934999,100.14138192,9.18960754,90.95177438,WIN,TAKE_PROFIT,10105.08996625
ETHUSDT,SHORT,1951.15,1989.8020818685352,1.3071857294284694,1989.8020818685352,1873.8458362629299,50.525449831249986,-50.52544983,5.15155632,-55.67700615,LOSS,STOP_LOSS,10049.4129601
BTCUSDT,LONG,68407.8,67996.36588545263,0.1221266371063511,67996.36588545263,69230.66822909475,50.24706480049999,-50.2470648,16.65858207,-66.90564687,LOSS,STOP_LOSS,9982.50731323
SOLUSDT,SHORT,85.07,83.39240826684409,59.504986320186156,85.90879586657795,83.39240826684409,49.912536566149996,99.82507313,10.0243533,89.80071983,WIN,TAKE_PROFIT,10072.30803306
BTCUSDT,SHORT,67420.1,66508.65431818993,0.11050914205942675,67875.82284090504,66508.65431818993,50.36154016529999,100.72308033,14.80035174,85.92272859,WIN,TAKE_PROFIT,10158.23076165
BTCUSDT,SHORT,65444.4,66263.25525861852,0.062027022814677646,66263.25525861852,63806.68948276295,50.791153808249994,-50.79115381,8.16943374,-58.96058755,LOSS,STOP_LOSS,10099.2701741
BTCUSDT,LONG,66391.8,65645.85855572965,0.06769479194160259,65645.85855572965,67883.6828885407,50.49635087049999,-50.49635087,8.93826182,-59.43461269,LOSS,STOP_LOSS,10039.83556141
BTCUSDT,SHORT,65805.2,64189.454492053446,0.06213748088440992,66613.07275397328,64189.454492053446,50.19917780704999,100.39835561,8.07754036,92.32081526,WIN,TAKE_PROFIT,10132.15637667
BTCUSDT,SHORT,64787.3,62513.58478182411,0.0445621170834164,65924.15760908795,62513.58478182411,50.66078188334999,101.32156377,5.67279693,95.64876683,WIN,TAKE_PROFIT,10227.8051435
ETHUSDT,SHORT,1816.81,1844.0182678910162,1.87953992228903,1844.0182678910162,1762.3934642179672,51.13902571749999,-51.13902572,6.88067288,-58.0196986,LOSS,STOP_LOSS,10169.7854449
BTCUSDT,LONG,64009.5,66016.61866720424,0.050668580842136705,63005.94066639788,66016.61866720424,50.848927224499995,101.69785445,6.58823891,95.10961554,WIN,TAKE_PROFIT,10264.89506044
BTCUSDT,LONG,65403.8,67410.44485855113,0.051154518033906936,64400.47757072444,67410.44485855113,51.32447530219999,102.6489506,6.79404868,95.85490192,WIN,TAKE_PROFIT,10360.74996236
BTCUSDT,LONG,69183.9,67877.97239653466,0.03966816359064369,67877.97239653466,71795.75520693065,51.80374981179999,-51.80374981,5.43699278,-57.24074259,LOSS,STOP_LOSS,10303.50921977
SOLUSDT,LONG,88.92,86.36233758396322,20.142433878619148,86.36233758396322,94.03532483207354,51.51754609884999,-51.5175461,3.53061289,-55.04815899,LOSS,STOP_LOSS,10248.46106078
BTCUSDT,SHORT,67659.8,65897.03812810982,0.058138658568731065,68541.18093594509,65897.03812810982,51.2423053039,102.48461061,7.76481541,94.7197952,WIN,TAKE_PROFIT,10343.18085598
BTCUSDT,SHORT,65869.1,63986.38486531444,0.05493757746685038,66810.45756734279,63986.38486531444,51.715904279899995,103.43180856,7.13394576,96.2978628,WIN,TAKE_PROFIT,10439.47871878
BTCUSDT,SHORT,64003.7,64833.57444800657,0.0628979404285584,64833.57444800657,62343.95110398686,52.197393593899996,-52.19739359,8.10359921,-60.30099281,LOSS,STOP_LOSS,10379.17772597
ETHUSDT,SHORT,1874.63,1920.0679576009213,1.142126349200118,1920.0679576009213,1783.7540847981575,51.89588862985,-51.89588863,4.33402452,-56.22991315,LOSS,STOP_LOSS,10322.94781282
BTCUSDT,LONG,65634.7,67809.91167110308,0.04745721048648604,64547.094164448456,67809.91167110308,51.61473906409999,103.22947813,6.33290902,96.8965691,WIN,TAKE_PROFIT,10419.84438192
SOLUSDT,LONG,87.65,85.28465040088625,22.02601337625537,85.28465040088625,92.38069919822753,52.09922190959999,-52.09922191,3.80906092,-55.90828283,LOSS,STOP_LOSS,10363.93609909
SOLUSDT,SHORT,84.73,86.12140217373901,37.242776728024445,86.12140217373901,81.94719565252197,51.819680495449994,-51.8196805,6.36298062,-58.18266112,LOSS,STOP_LOSS,10305.75343797
ETHUSDT,LONG,2005.86,1968.9874156652845,1.3974818451045172,1968.9874156652845,2079.605168669431,51.528767189849994,-51.52876719,5.5547771,-57.08354429,LOSS,STOP_LOSS,10248.66989368
BTCUSDT,SHORT,66112.2,67170.5784290433,0.04841684983576306,67170.5784290433,63995.443141913405,51.24334946839999,-51.24334947,6.45313227,-57.69648174,LOSS,STOP_LOSS,10190.97341194
SOLUSDT,LONG,85.61,89.67376196062338,25.077682971314317,83.5781190196883,89.67376196062338,50.95486705969999,101.90973412,4.39571061,97.51402351,WIN,TAKE_PROFIT,10288.48743545
ETHUSDT,LONG,2069.36,2004.5851398293232,0.7941728788252566,2004.5851398293232,2198.909720341354,51.44243717724999,-51.44243718,3.23541674,-54.67785392,LOSS,STOP_LOSS,10233.80958153
ETHUSDT,SHORT,2006.01,1937.5151639218566,1.494099433985738,2040.2574180390716,1937.5151639218566,51.16904790764999,102.33809582,5.89201872,96.4460771,WIN,TAKE_PROFIT,10330.25565863
BTCUSDT,SHORT,66428.6,67637.90210823495,0.042711641649693835,67637.90210823495,64009.995783530125,51.65127829314999,-51.65127829,5.7262004,-57.37747869,LOSS,STOP_LOSS,10272.87817994
BTCUSDT,LONG,67692.5,70505.16649116763,0.03652362700021132,66286.16675441618,70505.16649116763,51.36439089969999,102.7287818,5.04748002,97.68130178,WIN,TAKE_PROFIT,10370.55948172
BTCUSDT,LONG,70993.7,73719.91581465861,0.038040126632522715,69630.59209267069,73719.91581465861,51.85279740859999,103.70559482,5.50492427,98.20067055,WIN,TAKE_PROFIT,10468.76015227
SOLUSDT,LONG,92.82,90.41902507276681,21.801060963876765,90.41902507276681,97.62194985446634,52.343800761349996,-52.34380076,3.99480516,-56.33860592,LOSS,STOP_LOSS,10412.42154635
BTCUSDT,LONG,73084.8,71972.1012034913,0.04678903931154073,71972.1012034913,75310.19759301742,52.06210773174999,-52.06210773,6.78707305,-58.84918078,LOSS,STOP_LOSS,10353.57236557
BTCUSDT,SHORT,72025.5,72997.85935175103,0.0532394343044333,72997.85935175103,70080.78129649795,51.76786182784999,-51.76786183,7.72096161,-59.48882344,LOSS,STOP_LOSS,10294.08354213
BTCUSDT,LONG,73122.3,72047.06989197577,0.04786921174038601,72047.06989197577,75272.76021604847,51.47041771064999,-51.47041771,6.94914331,-58.41956102,LOSS,STOP_LOSS,10235.66398111
ETHUSDT,SHORT,2098.03,2012.354640512639,1.1947033595604521,2140.867679743681,2012.354640512639,51.17831990554999,102.35663981,4.91069034,97.44594947,WIN,TAKE_PROFIT,10333.10993058
BTCUSDT,SHORT,68078.0,67038.39811361757,0.09939487476823297,68597.8009431912,67038.39811361757,51.66554965289999,103.33109931,13.42987747,89.90122184,WIN,TAKE_PROFIT,10423.01115242
ETHUSDT,SHORT,1954.01,1973.7324085206633,2.6424285709069726,1973.7324085206633,1914.5651829586732,52.11505576209999,-52.11505576,10.37877876,-62.49383452,LOSS,STOP_LOSS,10360.5173179
BTCUSDT,SHORT,67311.3,67797.0663072475,0.10664096257113796,67797.0663072475,66339.76738550501,51.80258658949999,-51.80258659,14.40808623,-66.21067282,LOSS,STOP_LOSS,10294.30664508
ETHUSDT,SHORT,1955.18,1909.6002087814895,2.2585243086632087,1977.9698956092554,1909.6002087814895,51.47153322539999,102.94306645,8.72870005,94.2143664,WIN,TAKE_PROFIT,10388.52101148
ETHUSDT,SHORT,1927.72,1964.7248442040436,1.4036704159863533,1964.7248442040436,1853.710311591913,51.94260505739999,-51.94260506,5.46370967,-57.40631473,LOSS,STOP_LOSS,10331.11469675
BTCUSDT,SHORT,66413.7,67587.18744167688,0.04401885495249556,67587.18744167688,64066.72511664622,51.65557348374998,-51.65557348,5.89856563,-57.55413911,LOSS,STOP_LOSS,10273.56055764
BTCUSDT,LONG,67893.0,70121.3912427381,0.04610303774581569,66778.80437863094,70121.3912427381,51.36780278819999,102.73560558,6.36288269,96.37272289,WIN,TAKE_PROFIT,10369.93328053
SOLUSDT,LONG,86.62,85.00810724704776,32.16694554131177,85.00810724704776,89.84378550590449,51.849666402649994,-51.8496664,5.52075198,-57.37041838,LOSS,STOP_LOSS,10312.56286215
BTCUSDT,LONG,70410.0,69193.5499137066,0.04238794085490604,69193.5499137066,72842.9001725868,51.56281431074999,-51.56281431,5.91750702,-57.48032133,LOSS,STOP_LOSS,10255.08254082
BTCUSDT,SHORT,69144.0,69805.16643943761,0.07755295738802899,69805.16643943761,67821.66712112477,51.27541270409999,-51.2754127,10.77591878,-62.05133149,LOSS,STOP_LOSS,10193.03120933
ETHUSDT,LONG,2049.88,2128.1450818974345,1.302372777516273,2010.747459051283,2128.1450818974345,50.96515604664999,101.93031209,5.44134613,96.48896596,WIN,TAKE_PROFIT,10289.52017529
BTCUSDT,LONG,71449.1,73250.86857171914,0.05710789019631069,70548.21571414043,73250.86857171914,51.44760087644999,102.89520175,8.26350992,94.63169184,WIN,TAKE_PROFIT,10384.15186713
BTCUSDT,LONG,72993.3,72143.28264576604,0.0610819991815825,72143.28264576604,74693.33470846794,51.92075933564999,-51.92075934,8.86523262,-60.78599196,LOSS,STOP_LOSS,10323.36587517
BTCUSDT,SHORT,70810.7,71732.40583076223,0.05600141352383968,71732.40583076223,68967.28833847553,51.616829375849996,-51.61682938,7.98261541,-59.59944479,LOSS,STOP_LOSS,10263.76643038
SOLUSDT,LONG,88.28,87.38009851927791,57.027167141363876,87.38009851927791,90.0798029614442,51.3188321519,-51.31883215,10.0173978,-61.33622995,LOSS,STOP_LOSS,10202.43020043
BTCUSDT,LONG,71588.0,72633.18908293614,0.09761324880823817,71065.40545853192,72633.18908293614,51.01215100214999,102.024302,14.07789881,87.94640319,WIN,TAKE_PROFIT,10290.37660362
BTCUSDT,LONG,72715.6,74465.32991025792,0.058811228769034184,71840.73504487105,74465.32991025792,51.4518830181,102.90376604,8.65589134,94.2478747,WIN,TAKE_PROFIT,10384.62447832
BTCUSDT,LONG,74045.7,73155.39418982386,0.05832054761197976,73155.39418982386,75826.31162035228,51.9231223916,-51.92312239,8.58484842,-60.50797081,LOSS,STOP_LOSS,10324.11650751
ETHUSDT,LONG,2286.84,2231.408068295783,0.9312427142715441,2231.408068295783,2397.7038634084342,51.62058253755,-51.62058254,4.20758559,-55.82816813,LOSS,STOP_LOSS,10268.28833938
ETHUSDT,SHORT,2180.26,2228.098590812357,1.0732222840401509,2228.098590812357,2084.582818375286,51.3414416969,-51.3414417,4.73114868,-56.07259037,LOSS,STOP_LOSS,10212.21574901
BTCUSDT,SHORT,70835.9,69408.39860046208,0.07153909447875627,71549.65069976896,69408.39860046208,51.06107874505,102.12215749,10.03295013,92.08920736,WIN,TAKE_PROFIT,10304.30495637
ETHUSDT,SHORT,2136.67,2051.1308120249073,1.2046297375853485,2179.4395939875467,2051.1308120249073,51.521524781850005,103.04304956,5.04474939,97.99830017,WIN,TAKE_PROFIT,10402.30325654
BTCUSDT,SHORT,68652.2,69401.10895919066,0.06944971834614984,69401.10895919066,67154.38208161866,52.0115162827,-52.01151628,9.58776342,-61.59927971,LOSS,STOP_LOSS,10340.70397683
BTCUSDT,SHORT,69324.0,67778.2563617824,0.06689792357000379,70096.8718191088,67778.2563617824,51.70351988415,103.40703977,9.17185627,94.2351835,WIN,TAKE_PROFIT,10434.93916033
BTCUSDT,SHORT,67751.6,68449.59460542467,0.0747494255631194,68449.59460542467,66355.61078915067,52.17469580165,-52.1746958,10.18096106,-62.35565686,LOSS,STOP_LOSS,10372.58350347
ETHUSDT,SHORT,2055.71,2091.457743288515,1.4508025611231374,2091.457743288515,1984.21451342297,51.862917517350006,-51.86291752,6.01672158,-57.8796391,LOSS,STOP_LOSS,10314.70386437
SOLUSDT,LONG,89.06,86.1410025703081,17.66823046750455,86.1410025703081,94.89799485938381,51.57351932185001,-51.57351932,3.09549169,-54.66901101,LOSS,STOP_LOSS,10260.03485336
BTCUSDT,SHORT,68162.5,68983.07615079939,0.06251726206863832,68983.07615079939,66521.34769840122,51.300174266800006,-51.30017427,8.57396593,-59.87414019,LOSS,STOP_LOSS,10200.16071317
SOLUSDT,SHORT,86.56,83.49080902518769,33.23403723286961,88.09459548740617,83.49080902518769,51.00080356585,102.00160713,5.65147492,96.35013221,WIN,TAKE_PROFIT,10296.51084538
BTCUSDT,SHORT,66846.6,65083.82433142738,0.058410783793705366,67727.98783428632,65083.82433142738,51.4825542269,102.96510845,7.70615949,95.25894896,WIN,TAKE_PROFIT,10391.76979434
BTCUSDT,SHORT,65820.3,66644.7277292552,0.06302414041633486,66644.7277292552,64171.444541489596,51.9588489717,-51.95884897,8.34849451,-60.30734348,LOSS,STOP_LOSS,10331.46245086
BTCUSDT,LONG,67087.0,66019.4490241438,0.04838861414825604,66019.4490241438,69222.10195171241,51.657312254299995,-51.65731225,6.4408366,-58.09814886,LOSS,STOP_LOSS,10273.364302
BTCUSDT,SHORT,66099.3,66894.4810790351,0.06459764054286886,66894.4810790351,64508.9378419298,51.36682151,-51.36682151,8.59108446,-59.95790597,LOSS,STOP_LOSS,10213.40639603
SOLUSDT,SHORT,81.0,82.455206501595,35.092635941481475,82.455206501595,78.08958699681001,51.06703198015,-51.06703198,5.73607405,-56.80310603,LOSS,STOP_LOSS,10156.60329
BTCUSDT,SHORT,66555.9,67641.70470775316,0.046769935778860294,67641.70470775316,64384.290584493654,50.78301645,-50.78301645,6.27641335,-57.0594298,LOSS,STOP_LOSS,10099.5438602
BTCUSDT,LONG,67742.0,66498.65681776189,0.04061446591929696,66498.65681776189,70228.68636447622,50.497719301,-50.4977193,5.45211258,-55.94983188,LOSS,STOP_LOSS,10043.59402832
SOLUSDT,SHORT,78.87,80.7123749233086,27.257193694004908,80.7123749233086,75.1852501533828,50.2179701416,-50.21797014,4.3497677,-54.56773785,LOSS,STOP_LOSS,9989.02629047
ETHUSDT,SHORT,2057.61,2078.8808739201017,2.3480526300872846,2078.8808739201017,2015.0682521597967,49.94513145235,-49.94513145,9.71269828,-59.65782973,LOSS,STOP_LOSS,9929.36846074
BTCUSDT,LONG,67325.0,67049.93781740281,0.18049315916468714,67049.93781740281,67875.12436519437,49.6468423037,-49.6468423,24.25375704,-73.90059934,LOSS,STOP_LOSS,9855.4678614
BTCUSDT,SHORT,67060.6,66603.59424388548,0.21565303564645782,67289.10287805727,66603.59424388548,49.27733930699999,98.55467861,28.82508925,69.72958937,WIN,TAKE_PROFIT,9925.19745077
BTCUSDT,SHORT,66620.2,66931.82242296914,0.15925037351616939,66931.82242296914,65996.95515406171,49.62598725384999,-49.62598725,21.26820945,-70.89419671,LOSS,STOP_LOSS,9854.30325406
ETHUSDT,SHORT,2039.1,2051.1748067491963,4.080522139501709,2051.1748067491963,2014.9503865016075,49.27151627029999,-49.27151627,16.69045691,-65.96197318,LOSS,STOP_LOSS,9788.34128088
SOLUSDT,SHORT,79.79,78.61604161507708,83.37894602220169,80.37697919246148,78.61604161507708,48.941706404399994,97.88341281,13.20772879,84.67568402,WIN,TAKE_PROFIT,9873.0169649
BTCUSDT,SHORT,66676.6,66966.75458568697,0.1701337399428829,66966.75458568697,66096.2908286261,49.36508482449999,-49.36508482,22.73724373,-72.10232856,LOSS,STOP_LOSS,9800.91463634
SOLUSDT,SHORT,79.41,80.37379480299283,50.84544244223748,80.37379480299283,77.48241039401432,49.00457318169999,-49.00457318,8.12427774,-57.12885092,LOSS,STOP_LOSS,9743.78578542
SOLUSDT,LONG,80.53,82.77524897185933,43.39735106236794,79.40737551407034,82.77524897185933,48.71892892709999,97.43785785,7.08701522,90.35084263,WIN,TAKE_PROFIT,9834.13662805
BTCUSDT,LONG,69092.4,68430.08723356762,0.07424088079279285,68430.08723356762,70417.02553286472,49.170683140249984,-49.17068314,10.20979058,-59.38047372,LOSS,STOP_LOSS,9774.75615433
SOLUSDT,SHORT,79.87,80.89474208762074,47.6937381240251,80.89474208762074,77.82051582475854,48.87378077164998,-48.87378077,7.66747151,-56.54125228,LOSS,STOP_LOSS,9718.21490205
BTCUSDT,LONG,68670.0,70252.98393137284,0.061391747000374676,67878.50803431358,70252.98393137284,48.59107451024998,97.18214902,8.52872468,88.65342434,WIN,TAKE_PROFIT,9806.86832639
BTCUSDT,LONG,70261.8,72375.91659993748,0.04638754705714903,69204.74170003126,72375.91659993748,49.034341631949985,98.06868326,6.61661379,91.45206947,WIN,TAKE_PROFIT,9898.32039586
BTCUSDT,LONG,72738.2,71238.63374510937,0.033003944852646724,71238.63374510937,75737.33250978123,49.491601979299986,-49.49160198,4.75180348,-54.24340546,LOSS,STOP_LOSS,9844.0769904
BTCUSDT,LONG,71276.7,73519.60507968714,0.043889851066604785,70155.24746015643,73519.60507968714,49.22038495199999,98.4407699,6.35508826,92.08568164,WIN,TAKE_PROFIT,9936.16267204
BTCUSDT,LONG,73427.1,72960.15511772089,0.10639545532164742,72960.15511772089,74360.98976455824,49.680813360199984,-49.68081336,15.57493866,-65.25575202,LOSS,STOP_LOSS,9870.90692002
SOLUSDT,SHORT,82.2,82.85506093670983,75.34342506819668,82.85506093670983,80.88987812658034,49.35453460009998,-49.3545346,12.43581362,-61.79034822,LOSS,STOP_LOSS,9809.1165718
BTCUSDT,SHORT,70922.9,71491.81716593613,0.0862086535538035,71491.81716593613,69785.06566812772,49.04558285899998,-49.04558286,12.27738101,-61.32296387,LOSS,STOP_LOSS,9747.79360793
BTCUSDT,LONG,71623.0,72924.23536439768,0.0749118405065951,70972.38231780117,72924.23536439768,48.73896803964998,97.47793608,10.82829944,86.64963664,WIN,TAKE_PROFIT,9834.44324457
ETHUSDT,LONG,2250.23,2320.957229859848,1.3904748233541369,2214.866385070076,2320.957229859848,49.17221622284998,98.34443245,6.35612076,91.98831169,WIN,TAKE_PROFIT,9926.43155626
BTCUSDT,LONG,74103.1,76072.71870529151,0.05039773195488049,73118.29064735425,76072.71870529151,49.63215778129998,99.26431556,7.56852066,91.69579491,WIN,TAKE_PROFIT,10018.12735117
BTCUSDT,LONG,76249.6,75545.64896393356,0.0711564216678311,75545.64896393356,77657.50207213288,50.090636755849985,-50.09063676,10.80120674,-60.8918435,LOSS,STOP_LOSS,9957.23550767
BTCUSDT,LONG,75717.8,77381.70906698053,0.05984242591897921,74885.84546650974,77381.70906698053,49.78617753834998,99.57235508,9.16184603,90.41050905,WIN,TAKE_PROFIT,10047.64601672
SOLUSDT,LONG,89.74,87.92693724840473,27.709040980184813,87.92693724840473,93.36612550319053,50.23823008359998,-50.23823008,4.92298045,-55.16121053,LOSS,STOP_LOSS,9992.48480619
BTCUSDT,SHORT,75908.8,74730.36653438,0.0847946455842768,76498.01673281,74730.36653438,49.96242403094999,99.92484806,12.77339474,87.15145332,WIN,TAKE_PROFIT,10079.63625951
SOLUSDT,SHORT,84.82,85.94588200182022,44.76328888468815,85.94588200182022,82.56823599635953,50.39818129754999,-50.3981813,7.64404251,-58.04222381,LOSS,STOP_LOSS,10021.5940357
BTCUSDT,LONG,75668.6,77684.3606893198,0.049716189470297135,74660.7196553401,77684.3606893198,50.10797017849999,100.21594036,7.62412485,92.59181551,WIN,TAKE_PROFIT,10114.18585121
BTCUSDT,LONG,77571.3,79374.867967195,0.056078761849713644,76669.51601640251,79374.867967195,50.57092925604999,101.14185851,8.80134678,92.34051174,WIN,TAKE_PROFIT,10206.52636295
BTCUSDT,LONG,79157.2,78314.5724045914,0.06056368447084111,78314.5724045914,80842.4551908172,51.03263181474999,-51.03263181,9.53707074,-60.56970255,LOSS,STOP_LOSS,10145.9566604
SOLUSDT,SHORT,86.97,85.21337410605037,57.75820961848424,87.84831294697481,85.21337410605037,50.729783301999994,101.4595666,9.94500341,91.51456319,WIN,TAKE_PROFIT,10237.47122359
BTCUSDT,SHORT,77541.9,78193.34106667957,0.07857557457784246,78193.34106667957,76239.01786664085,51.187356117949996,-51.18735612,12.23698605,-63.42434217,LOSS,STOP_LOSS,10174.04688142
BTCUSDT,LONG,78329.2,77486.80067306902,0.06038731606354749,77486.80067306902,80013.99865386193,50.8702344071,-50.87023441,9.40931008,-60.27954449,LOSS,STOP_LOSS,10113.76733693
BTCUSDT,LONG,77982.5,76930.9366365266,0.048089195992543375,76930.9366365266,80085.62672694678,50.568836684649995,-50.56883668,7.44966262,-58.0184993,LOSS,STOP_LOSS,10055.74883763
SOLUSDT,SHORT,84.28,85.23809275440729,52.477950550053166,85.23809275440729,82.36381449118542,50.27874418814999,-50.27874419,8.89596209,-59.17470628,LOSS,STOP_LOSS,9996.57413135
BTCUSDT,LONG,77552.5,77038.94723627022,0.09732762470936779,77038.94723627022,78579.60552745954,49.982870656749995,-49.98287066,15.04601836,-65.02888902,LOSS,STOP_LOSS,9931.54524233
SOLUSDT,SHORT,84.19,82.52259290582967,59.56281028822022,85.02370354708516,82.52259290582967,49.65772621164999,99.31545242,9.92987054,89.38558188,WIN,TAKE_PROFIT,10020.93082421
BTCUSDT,SHORT,75146.9,76160.16242705961,0.04944884245481082,76160.16242705961,73120.37514588077,50.10465412104999,-50.10465412,7.48195909,-57.58661321,LOSS,STOP_LOSS,9963.344211
BTCUSDT,SHORT,75575.5,76303.92314643356,0.06838981064633612,76303.92314643356,74118.65370713286,49.81672105499999,-49.81672105,10.38700499,-60.20372605,LOSS,STOP_LOSS,9903.14048495
SOLUSDT,SHORT,82.97,83.67542640446389,70.19258438785047,83.67542640446389,81.5591471910722,49.51570242474999,-49.51570242,11.69727316,-61.21297558,LOSS,STOP_LOSS,9841.92750937
ETHUSDT,SHORT,2259.01,2283.868304688358,1.979605534801298,2283.868304688358,2209.2933906232847,49.20963754684999,-49.20963755,8.99310704,-58.20274458,LOSS,STOP_LOSS,9783.72476479
SOLUSDT,LONG,83.86,85.30127577817935,67.8823922035865,83.13936211091033,85.30127577817935,48.91862382394999,97.83724765,11.48307207,86.35417558,WIN,TAKE_PROFIT,9870.07894037
BTCUSDT,LONG,79899.2,78925.18391477253,0.05066691962312393,78925.18391477253,81847.23217045494,49.35039470184999,-49.3503947,8.04714229,-57.397537,LOSS,STOP_LOSS,9812.68140337
SOLUSDT,SHORT,84.0,85.17322550421028,41.81924688883718,85.17322550421028,81.65354899157946,49.063407016849986,-49.06340702,7.07469688,-56.1381039,LOSS,STOP_LOSS,9756.54329947
ETHUSDT,LONG,2370.1,2334.683439820058,1.3773984895624627,2334.683439820058,2440.9331203598836,48.78271649734998,-48.7827165,6.4803616,-55.2630781,LOSS,STOP_LOSS,9701.28022137
BTCUSDT,LONG,79976.7,82517.5538988333,0.038181180845638506,78706.27305058335,82517.5538988333,48.50640110684998,97.01280221,6.20422249,90.80857972,WIN,TAKE_PROFIT,9792.08880109
BTCUSDT,LONG,82643.0,81938.72325186581,0.0695187568454579,81938.72325186581,84051.55349626836,48.96044400544998,-48.96044401,11.4415168,-60.40196081,LOSS,STOP_LOSS,9731.68684028
BTCUSDT,LONG,82070.2,81318.13872316205,0.06470009253233316,81318.13872316205,83574.3225536759,48.65843420139998,-48.6584342,10.57124063,-59.22967484,LOSS,STOP_LOSS,9672.45716544
SOLUSDT,LONG,88.71,91.73080883200427,32.01942825035513,87.19959558399786,91.73080883200427,48.362285827199976,96.72457165,5.77761153,90.94696012,WIN,TAKE_PROFIT,9763.40412556
SOLUSDT,LONG,91.47,94.38587173137022,33.48365437519436,90.01206413431488,94.38587173137022,48.81702062779998,97.63404126,6.22313377,91.41090748,WIN,TAKE_PROFIT,9854.81503304
BTCUSDT,LONG,80812.7,81308.84196362934,0.19862893597934472,80564.62901818533,81308.84196362934,49.274075165199974,98.54815033,32.20202938,66.34612095,WIN,TAKE_PROFIT,9921.16115399
BTCUSDT,LONG,81381.4,80994.28212867076,0.12814134774925184,80994.28212867076,82155.63574265847,49.605805769949974,-49.60580577,20.80703875,-70.41284452,LOSS,STOP_LOSS,9850.74830947
SOLUSDT,LONG,95.45,93.53876478996219,25.77063319505058,93.53876478996219,99.27247042007563,49.253741547349975,-49.25374155,4.87036014,-54.12410168,LOSS,STOP_LOSS,9796.62420779
ETHUSDT,SHORT,2283.08,2233.7363701266095,1.9853878267421607,2307.751814936695,2233.7363701266095,48.983121038949974,97.96624208,8.96763224,88.99860984,WIN,TAKE_PROFIT,9885.62281763
ETHUSDT,SHORT,2235.38,2264.829435616021,1.6784061580202327,2264.829435616021,2176.481128767958,49.428114088149975,-49.42811409,7.55317923,-56.98129332,LOSS,STOP_LOSS,9828.64152431
ETHUSDT,SHORT,2261.21,2284.4511094083337,2.114494913221695,2284.4511094083337,2214.7277811833333,49.14320762154998,-49.14320762,9.61177729,-58.75498491,LOSS,STOP_LOSS,9769.8865394
SOLUSDT,LONG,93.1,91.73955770432038,35.90702292345067,91.73955770432038,95.82088459135923,48.84943269699998,-48.8494327,6.63703824,-55.48647093,LOSS,STOP_LOSS,9714.40006847
ETHUSDT,SHORT,2274.64,2226.2784766377317,2.0087043155570203,2298.820761681134,2226.2784766377317,48.57200034234998,97.14400068,9.04101437,88.10298632,WIN,TAKE_PROFIT,9802.50305479
ETHUSDT,SHORT,2223.44,2177.3935542064987,2.1288294646561967,2246.4632228967507,2177.3935542064987,49.01251527394999,98.02503055,9.36862414,88.65640641,WIN,TAKE_PROFIT,9891.1594612
BTCUSDT,SHORT,78025.3,76920.89516503921,0.08956099383204148,78577.5024174804,76920.89516503921,49.45579730599999,98.91159461,13.87713523,85.03445938,WIN,TAKE_PROFIT,9976.19392058
BTCUSDT,SHORT,77216.0,77956.2192372208,0.06738675124167501,77956.2192372208,75735.56152555841,49.88096960289999,-49.8809696,10.45655174,-60.33752134,LOSS,STOP_LOSS,9915.85639924
ETHUSDT,LONG,2141.83,2125.047140309748,2.9541617406834457,2125.047140309748,2175.395719380503,49.57928199619999,-49.579282,12.6050452,-62.1843272,LOSS,STOP_LOSS,9853.67207204
ETHUSDT,SHORT,2127.79,2142.7571894643115,3.2917576461283655,2142.7571894643115,2097.8556210713764,49.268360360199985,-49.26836036,14.05760636,-63.32596672,LOSS,STOP_LOSS,9790.34610532
BTCUSDT,LONG,78099.9,77632.72464034052,0.1047823467450856,77632.72464034052,79034.25071931895,48.95173052659999,-48.95173053,16.31802987,-65.2697604,LOSS,STOP_LOSS,9725.07634492
ETHUSDT,SHORT,2127.08,2143.4548827387316,2.9695102249243095,2143.4548827387316,2094.3302345225366,48.62538172459998,-48.62538172,12.681397,-61.30677872,LOSS,STOP_LOSS,9663.7695662
ETHUSDT,LONG,2146.66,2120.7761492044515,1.866756543014465,2120.7761492044515,2198.4277015910966,48.318847830999985,-48.31884783,7.96626435,-56.28511218,LOSS,STOP_LOSS,9607.48445402
BTCUSDT,SHORT,77354.5,75772.09024810405,0.060714264699828206,78145.70487594798,75772.09024810405,48.03742227009999,96.07484454,9.29696833,86.77787621,WIN,TAKE_PROFIT,9694.26233023
BTCUSDT,SHORT,75782.4,74318.92417889123,0.06624135629986286,76514.13791055437,74318.92417889123,48.47131165114999,96.9426233,9.9429153,86.99970801,WIN,TAKE_PROFIT,9781.26203824
BTCUSDT,SHORT,74573.1,75099.06738166884,0.09298354212770171,75099.06738166884,73521.16523666236,48.90631019119999,-48.90631019,13.91704828,-62.82335847,LOSS,STOP_LOSS,9718.43867977
BTCUSDT,LONG,76890.7,76350.77084991524,0.08999735130289262,76350.77084991524,77970.5583001695,48.59219339884999,-48.5921934,13.79132649,-62.38351989,LOSS,STOP_LOSS,9656.05515988
SOLUSDT,SHORT,85.22,86.28549004714652,45.312742177835275,86.28549004714652,83.08901990570695,48.280275799399995,-48.2802758,7.77138405,-56.05165985,LOSS,STOP_LOSS,9600.00350003
BTCUSDT,LONG,77580.5,77200.30514477547,0.12625109687979022,77200.30514477547,78340.88971044906,48.000017500149994,-48.0000175,19.54124643,-67.54126393,LOSS,STOP_LOSS,9532.4622361
SOLUSDT,SHORT,85.36,83.93370283723394,66.83363386640563,86.07314858138302,83.93370283723394,47.6623111805,95.32462236,11.31451335,84.01010901,WIN,TAKE_PROFIT,9616.47234511
BTCUSDT,SHORT,76750.1,77250.68386181575,0.0960525606062153,77250.68386181575,75748.93227636852,48.08236172555,-48.08236173,14.79216963,-62.87453135,LOSS,STOP_LOSS,9553.59781376
SOLUSDT,LONG,85.28,84.38111636797707,53.141460548456664,84.38111636797707,87.07776726404586,47.7679890688,-47.76798907,9.01603952,-56.78402859,LOSS,STOP_LOSS,9496.81378517
BTCUSDT,SHORT,76500.9,74390.1455040062,0.044992507670574236,77556.2772479969,74390.1455040062,47.484068925849996,94.96813785,6.78896652,88.17917133,WIN,TAKE_PROFIT,9584.9929565
BTCUSDT,SHORT,74439.9,73145.6840412465,0.07406022844697137,75087.00797937674,73145.6840412465,47.9249647825,95.84992957,10.93022207,84.9197075,WIN,TAKE_PROFIT,9669.912664
BTCUSDT,SHORT,73224.5,74064.27834358698,0.05757419644031641,74064.27834358698,71544.94331282606,48.349563319999994,-48.34956332,8.48003306,-56.82959638,LOSS,STOP_LOSS,9613.08306762
BTCUSDT,SHORT,73343.0,74248.3162468867,0.05309240334898778,74248.3162468867,71532.36750622661,48.0654153381,-48.06541534,7.83597769,-55.90139303,LOSS,STOP_LOSS,9557.18167459
ETHUSDT,LONG,2029.29,2018.5967960871496,4.468811103052502,2018.5967960871496,2050.6764078257006,47.78590837295,-47.78590837,18.08924146,-65.87514983,LOSS,STOP_LOSS,9491.30652476
BTCUSDT,SHORT,73814.5,74113.46509894742,0.15873602902440312,74113.46509894742,73216.56980210518,47.456532623799994,-47.45653262,23.48149776,-70.93803039,LOSS,STOP_LOSS,9420.36849437
ETHUSDT,SHORT,2002.33,2018.9905152297324,2.8271540118874494,2018.9905152297324,1969.008969540535,47.10184247185,-47.10184247,11.36889243,-58.4707349,LOSS,STOP_LOSS,9361.89775947
ETHUSDT,SHORT,2004.57,1964.4580290537133,2.333941100028814,2024.6259854731431,1964.4580290537133,46.80948879734999,93.61897759,9.26347764,84.35549995,WIN,TAKE_PROFIT,9446.25325942
ETHUSDT,SHORT,1970.61,1999.280060226871,1.6474072926024852,1999.280060226871,1913.2698795462577,47.23126629709999,-47.2312663,6.54002584,-53.77129213,LOSS,STOP_LOSS,9392.48196729
BTCUSDT,SHORT,71571.0,70126.12405463813,0.06500545598700294,72293.43797268093,70126.12405463813,46.962409836449986,93.92481967,9.21108616,84.71373351,WIN,TAKE_PROFIT,9477.1957008
BTCUSDT,SHORT,70319.7,68701.65569549822,0.05857191718689179,71128.72215225089,68701.65569549822,47.385978503999986,94.77195701,8.14274733,86.62920967,WIN,TAKE_PROFIT,9563.82491047
ETHUSDT,SHORT,1967.11,1918.7435703244328,1.9773683884922486,1991.2932148377836,1918.7435703244328,47.81912455234998,95.6382491,7.68376401,87.95448509,WIN,TAKE_PROFIT,9651.77939556
BTCUSDT,SHORT,67422.1,65394.62665030625,0.04760496307888772,68435.83667484688,65394.62665030625,48.258896977799985,96.51779396,6.32273537,90.19505859,WIN,TAKE_PROFIT,9741.97445415
BTCUSDT,SHORT,65818.4,67012.42844111632,0.04079456618739339,67012.42844111632,63430.34311776735,48.70987227074998,-48.70987227,5.41877602,-54.12864829,LOSS,STOP_LOSS,9687.84580586
BTCUSDT,SHORT,66928.7,65126.282937576085,0.05374919050550741,67829.90853121196,65126.282937576085,48.43922902929999,96.87845806,7.09784844,89.78060962,WIN,TAKE_PROFIT,9777.62641548
BTCUSDT,SHORT,64971.7,62870.5411992082,0.046534447619072966,66022.2794003959,62870.5411992082,48.88813207739999,97.77626415,5.94906808,91.82719608,WIN,TAKE_PROFIT,9869.45361156
ETHUSDT,SHORT,1773.04,1672.5875397542854,0.9824999395155234,1823.2662301228572,1672.5875397542854,49.34726805779999,98.69453612,3.38532885,95.30920727,WIN,TAKE_PROFIT,9964.76281883
BTCUSDT,SHORT,62041.1,59375.7012847975,0.03738563676043848,63373.799357601245,59375.7012847975,49.82381409414998,99.64762819,4.53924443,95.10838376,WIN,TAKE_PROFIT,10059.87120259
SOLUSDT,SHORT,62.86,65.50577770710869,19.011179918027647,65.50577770710869,57.568444585782615,50.299356012949985,-50.29935601,2.4403849,-52.73974091,LOSS,STOP_LOSS,10007.13146168
SOLUSDT,SHORT,64.28,65.56391015137578,38.97130749747878,65.56391015137578,61.712179697248445,50.03565730839998,-50.03565731,5.06018695,-55.09584426,LOSS,STOP_LOSS,9952.03561742
BTCUSDT,SHORT,61303.8,62060.49818224031,0.06575961097167998,62060.49818224031,59790.40363551939,49.76017808709999,-49.76017809,8.11238826,-57.87256634,LOSS,STOP_LOSS,9894.16305108
BTCUSDT,LONG,63133.3,61710.53489857048,0.034770894510762256,61710.53489857048,65978.83020285906,49.470815255399984,-49.47081526,4.34093181,-53.81174707,LOSS,STOP_LOSS,9840.35130401
BTCUSDT,SHORT,61572.2,62349.36438773784,0.06330932978448187,62349.36438773784,60017.871224524315,49.20175652004998,-49.20175652,7.84539119,-57.04714771,LOSS,STOP_LOSS,9783.3041563
BTCUSDT,LONG,62604.8,61500.69590057702,0.044304265156758595,61500.69590057702,64813.00819884597,48.91652078149998,-48.91652078,5.4984028,-54.41492358,LOSS,STOP_LOSS,9728.88923272
ETHUSDT,SHORT,1617.81,1647.3528967608886,1.6465699541014378,1647.3528967608886,1558.7242064782226,48.64444616359999,-48.64444616,5.37631912,-54.02076528,LOSS,STOP_LOSS,9674.86846744
BTCUSDT,LONG,62338.9,63750.750188263315,0.06852616905013743,61632.974905868345,63750.750188263315,48.374342337199984,96.74868467,8.64044068,88.10824399,WIN,TAKE_PROFIT,9762.97671143
BTCUSDT,LONG,63653.4,62822.46347259744,0.05874682595762292,62822.46347259744,65315.273054805126,48.81488355714999,-48.81488356,7.43005554,-56.2449391,LOSS,STOP_LOSS,9706.73177233
ETHUSDT,SHORT,1653.94,1671.5269850318423,2.759634967208818,1671.5269850318423,1618.7660299363156,48.53365886164999,-48.53365886,9.17707497,-57.71073384,LOSS,STOP_LOSS,9649.02103849
SOLUSDT,LONG,66.91,68.61127857057195,56.71629094373459,66.05936071471402,68.61127857057195,48.24510519244999,96.49021038,7.68626426,88.80394612,WIN,TAKE_PROFIT,9737.82498461
ETHUSDT,SHORT,1658.98,1685.485851086427,1.8369198847564123,1685.485851086427,1605.9682978271462,48.689124923049995,-48.68912492,6.14351583,-54.83264075,LOSS,STOP_LOSS,9682.99234386
ETHUSDT,LONG,1681.44,1671.2870656927948,4.768568401446389,1671.2870656927948,1701.7458686144105,48.41496171929999,-48.41496172,15.98770834,-64.40267006,LOSS,STOP_LOSS,9618.5896738
BTCUSDT,LONG,64255.6,63866.50151699803,0.12360096600211323,63866.50151699803,65033.79696600393,48.092948368999984,-48.09294837,15.83601551,-63.92896388,LOSS,STOP_LOSS,9554.66070992
ETHUSDT,SHORT,1655.29,1667.6914458851184,3.85223658532654,1667.6914458851184,1630.4871082297634,47.77330354959999,-47.77330355,12.8009107,-60.57421425,LOSS,STOP_LOSS,9494.08649567
ETHUSDT,SHORT,1660.71,1672.9428538375164,3.8805689260150347,1672.9428538375164,1636.244292324967,47.470432478349984,-47.47043248,12.93646967,-60.40690215,LOSS,STOP_LOSS,9433.67959352
BTCUSDT,LONG,64076.0,64779.44465824428,0.13410691918629974,63724.27767087786,64779.44465824428,47.16839796759999,94.33679594,17.2804067,77.05638923,WIN,TAKE_PROFIT,9510.73598275
SOLUSDT,LONG,70.21,72.44659345885785,42.523311266441745,69.09170327057107,72.44659345885785,47.55367991374998,95.10735983,6.06623073,89.0411291,WIN,TAKE_PROFIT,9599.77711185
BTCUSDT,LONG,66222.0,65699.55067284798,0.09187280577219217,65699.55067284798,67266.89865430404,47.998885559249985,-47.99888556,12.120003,-60.11888856,LOSS,STOP_LOSS,9539.65822329
ETHUSDT,SHORT,1776.11,1800.0177835815373,1.99509464998188,1800.0177835815373,1728.2944328369251,47.69829111644998,-47.69829112,7.13471341,-54.83300453,LOSS,STOP_LOSS,9484.82521876
BTCUSDT,LONG,66863.9,66302.27306409478,0.08444061896241428,66302.27306409478,67987.15387181041,47.42412609379998,-47.42412609,11.24463408,-58.66876017,LOSS,STOP_LOSS,9426.15645859
ETHUSDT,LONG,1802.02,1770.3887543767128,1.4900071547688836,1770.3887543767128,1865.2824912465746,47.13078229294998,-47.13078229,5.3229146,-52.4536969,LOSS,STOP_LOSS,9373.70276169
ETHUSDT,LONG,1794.24,1764.3975629058107,1.5705323818065682,1764.3975629058107,1853.924874188379,46.86851380844998,-46.86851381,5.58895553,-52.45746934,LOSS,STOP_LOSS,9321.24529235
ETHUSDT,SHORT,1760.14,1785.9019643378483,1.809109967335779,1785.9019643378483,1708.616071324304,46.606226461749976,-46.60622646,6.41517986,-53.02140632,LOSS,STOP_LOSS,9268.22388603
BTCUSDT,LONG,66222.9,65395.10478642901,0.05598138122862672,65395.10478642901,67878.49042714197,46.34111943014997,-46.34111943,7.3681577,-53.70927713,LOSS,STOP_LOSS,9214.5146089
ETHUSDT,SHORT,1764.15,1687.2979679037376,1.1989942695800377,1802.5760160481314,1687.2979679037376,46.072573044499975,92.14514609,4.13826634,88.00687975,WIN,TAKE_PROFIT,9302.52148865
BTCUSDT,SHORT,62664.2,63588.94384478219,0.050297828642704,63588.94384478219,60814.712310435614,46.51260744324998,-46.51260744,6.35025899,-52.86286644,LOSS,STOP_LOSS,9249.65862221
ETHUSDT,LONG,1710.31,1737.8163072683715,3.362740964086389,1696.5568463658142,1737.8163072683715,46.24829311104998,92.49658622,11.59515558,80.90143064,WIN,TAKE_PROFIT,9330.56005285
SOLUSDT,LONG,71.89,74.25305176676372,39.48521223311369,70.70847411661813,74.25305176676372,46.65280026424998,93.30560053,5.77048942,87.53511111,WIN,TAKE_PROFIT,9418.09516396
ETHUSDT,LONG,1742.53,1727.5187210783954,3.1370062514810972,1727.5187210783954,1772.5525578432091,47.090475819799984,-47.09047582,10.88556453,-57.97604035,LOSS,STOP_LOSS,9360.11912361
ETHUSDT,SHORT,1727.59,1737.674593438377,4.640801426852695,1737.674593438377,1707.4208131232456,46.80059561804998,-46.80059562,16.08160487,-62.88220049,LOSS,STOP_LOSS,9297.23692312
SOLUSDT,LONG,74.36,73.33315528336198,45.270900129670515,73.33315528336198,76.41368943327606,46.48618461559999,-46.48618462,6.68620208,-53.1723867,LOSS,STOP_LOSS,9244.06453642
BTCUSDT,SHORT,63824.8,64222.46741768942,0.11622858857951135,64222.46741768942,63029.46516462117,46.22032268209998,-46.22032268,14.88275316,-61.10307585,LOSS,STOP_LOSS,9182.96146057
ETHUSDT,LONG,1743.74,1714.2595525426052,1.5574664315799822,1714.2595525426052,1802.7008949147898,45.91480730284999,-45.9148073,5.38571822,-51.30052553,LOSS,STOP_LOSS,9131.66093504
BTCUSDT,SHORT,63372.1,62377.20057858073,0.09178476475554923,63869.54971070964,62377.20057858073,45.658304675199986,91.31660935,11.54186997,79.77473938,WIN,TAKE_PROFIT,9211.43567442
BTCUSDT,SHORT,61999.7,62749.88535079383,0.06139439849546881,62749.88535079383,60499.32929841232,46.05717837209999,-46.05717837,7.65892576,-53.71610413,LOSS,STOP_LOSS,9157.71957029
ETHUSDT,SHORT,1661.2,1684.3333223151042,1.9793351438134719,1684.3333223151042,1614.9333553697918,45.788597851449985,-45.78859785,6.62193168,-52.41052953,LOSS,STOP_LOSS,9105.30904076
BTCUSDT,SHORT,62589.5,61504.7625884289,0.08394021395069394,63131.86870578555,61504.7625884289,45.52654520379999,91.05309041,10.41649895,80.63659146,WIN,TAKE_PROFIT,9185.94563222
SOLUSDT,SHORT,68.74,66.2435596478571,36.79617509921655,69.98822017607145,66.2435596478571,45.92972816109998,91.85945632,4.9668787,86.89257763,WIN,TAKE_PROFIT,9272.83820985
ETHUSDT,SHORT,1587.32,1627.5646434230532,1.15205868671435,1627.5646434230532,1506.8307131538936,46.36419104924998,-46.36419105,3.70373578,-50.06792683,LOSS,STOP_LOSS,9222.77028302
BTCUSDT,SHORT,60786.9,61499.22223513504,0.06473734658354119,61499.22223513504,59362.25552972992,46.11385141509999,-46.11385142,7.91647908,-54.03033049,LOSS,STOP_LOSS,9168.73995253
SOLUSDT,SHORT,68.53,66.84208132427955,54.31979682680232,69.37395933786023,66.84208132427955,45.84369976264998,91.68739953,7.35338395,84.33401557,WIN,TAKE_PROFIT,9253.0739681
BTCUSDT,SHORT,60054.1,58344.30149334057,0.05411792051554935,60908.99925332971,58344.30149334057,46.265369840499986,92.53073968,6.40747528,86.1232644,WIN,TAKE_PROFIT,9339.1972325
BTCUSDT,SHORT,58248.4,59513.149306663305,0.03692113995752607,59513.149306663305,55718.90138667339,46.695986162499985,-46.69598616,4.34789064,-51.04387681,LOSS,STOP_LOSS,9288.15335569
SOLUSDT,SHORT,65.82,68.01650242676747,21.14305279725796,68.01650242676747,61.42699514646504,46.44076677844999,-46.44076678,2.82971224,-49.27047902,LOSS,STOP_LOSS,9238.88287667
ETHUSDT,SHORT,1566.97,1513.3601039857647,1.7233540005779402,1593.7749480071177,1513.3601039857647,46.19441438334999,92.38882877,5.30849921,87.08032956,WIN,TAKE_PROFIT,9325.96320623
BTCUSDT,SHORT,58867.6,59891.293339334705,0.045550570897974825,59891.293339334705,56820.21332133059,46.629816031149986,-46.62981603,5.40953539,-52.03935142,LOSS,STOP_LOSS,9273.92385481
SOLUSDT,LONG,68.17,72.06670449414347,23.79940246623321,66.22164775292828,72.06670449414347,46.36961927404998,92.73923855,3.33754977,89.40168878,WIN,TAKE_PROFIT,9363.32554359
BTCUSDT,SHORT,59807.6,60846.06316570607,0.04508260789983651,60846.06316570607,57730.67366858784,46.816627717949984,-46.81662772,5.43938179,-52.25600951,LOSS,STOP_LOSS,9311.06953408
SOLUSDT,LONG,73.0,72.11031649645183,52.32798796957736,72.11031649645183,74.77936700709634,46.55534767039999,-46.55534767,7.5933309,-54.14867857,LOSS,STOP_LOSS,9256.92085551
ETHUSDT,SHORT,1580.56,1548.693745863908,2.904929087672572,1596.4931270680459,1548.693745863908,46.28460427754999,92.56920856,9.09026023,83.47894833,WIN,TAKE_PROFIT,9340.39980384
ETHUSDT,SHORT,1556.09,1579.9210252888436,1.959714215110304,1579.9210252888436,1508.4279494223126,46.70199901919998,-46.70199902,6.14568539,-52.8476844,LOSS,STOP_LOSS,9287.55211944
SOLUSDT,LONG,72.89,76.84201280156215,23.500814865196816,70.91399359921893,76.84201280156215,46.43776059719998,92.87552119,3.51882431,89.35669688,WIN,TAKE_PROFIT,9376.90881632
SOLUSDT,LONG,76.64,79.89272511618132,28.82785504890262,75.01363744190934,79.89272511618132,46.88454408159999,93.76908816,4.51250271,89.25658545,WIN,TAKE_PROFIT,9466.16540177
SOLUSDT,LONG,80.21,83.10411878420271,32.70828223582323,78.76294060789864,83.10411878420271,47.330827008849994,94.66165402,5.34172429,89.31992973,WIN,TAKE_PROFIT,9555.4853315
ETHUSDT,LONG,1747.31,1783.206590588539,2.6619478827470653,1729.3617047057303,1783.206590588539,47.777426657499994,95.55485331,9.39805116,86.15680215,WIN,TAKE_PROFIT,9641.64213365
BTCUSDT,LONG,62804.0,62464.36336856074,0.14194055118248167,62464.36336856074,63483.27326287852,48.20821066825,-48.20821067,17.78066054,-65.98887121,LOSS,STOP_LOSS,9575.65326244
BTCUSDT,SHORT,62509.9,62905.81285201371,0.1209313263479053,62905.81285201371,61718.07429597258,47.8782663122,-47.87826631,15.1666885,-63.04495481,LOSS,STOP_LOSS,9512.60830763
SOLUSDT,LONG,81.27,80.36020683843532,52.278961359030795,80.36020683843532,83.08958632312934,47.56304153814999,-47.56304154,8.44985934,-56.01290088,LOSS,STOP_LOSS,9456.59540675
ETHUSDT,SHORT,1766.9,1789.6690165414113,2.0766367729477326,1789.6690165414113,1721.3619669171774,47.282977033749994,-47.28297703,7.38570201,-54.66867904,LOSS,STOP_LOSS,9401.92672771
SOLUSDT,LONG,81.93,80.31377435967198,29.0860585710105,80.31377435967198,85.16245128065606,47.00963363854999,-47.00963364,4.71903192,-51.72866556,LOSS,STOP_LOSS,9350.19806215
SOLUSDT,SHORT,80.77,78.31324326568763,38.059112371852606,81.99837836715618,78.31324326568763,46.75099031074999,93.50198062,6.05456703,87.44741359,WIN,TAKE_PROFIT,9437.64547574
ETHUSDT,SHORT,1750.78,1774.344552861485,2.002508923300068,1774.344552861485,1703.65089427703,47.18822737869999,-47.18822738,7.05909337,-54.24732075,LOSS,STOP_LOSS,9383.39815499
BTCUSDT,LONG,63726.6,63138.50960316204,0.07977853579519967,63138.50960316204,64902.780793675905,46.916990774949994,-46.91699077,10.12111269,-57.03810346,LOSS,STOP_LOSS,9326.36005153
SOLUSDT,SHORT,75.89,77.14314102667112,37.21193326622178,77.14314102667112,73.38371794665778,46.63180025764999,-46.63180026,5.69465903,-52.32645929,LOSS,STOP_LOSS,9274.03359224
ETHUSDT,LONG,1879.09,1844.6899899359373,1.3479696045101586,1844.6899899359373,1947.8900201281251,46.370167961199996,-46.37016796,5.01954224,-51.3897102,LOSS,STOP_LOSS,9222.64388204
SOLUSDT,SHORT,75.17,73.44874096686124,53.58080163694055,76.03062951656938,73.44874096686124,46.1132194102,92.22643882,7.96311128,84.26332754,WIN,TAKE_PROFIT,9306.90720958
SOLUSDT,SHORT,73.46,74.30071573677397,55.35109432644135,74.30071573677397,71.77856852645205,46.5345360479,-46.53453605,8.17871731,-54.71325336,LOSS,STOP_LOSS,9252.19395622
SOLUSDT,SHORT,74.29,75.2806646127187,46.69690345973442,75.2806646127187,72.30867077456261,46.2609697811,-46.26096978,6.98448689,-53.24545667,LOSS,STOP_LOSS,9198.94849955
BTCUSDT,LONG,64011.8,65482.98845025007,0.06252732950687859,63276.20577487497,65482.98845025007,45.99474249775,91.989485,8.09696331,83.89252169,WIN,TAKE_PROFIT,9282.84102124
BTCUSDT,LONG,65570.1,64715.49802933835,0.05431090343761402,64715.49802933835,67279.30394132332,46.41420510620001,-46.41420511,7.07592853,-53.49013364,LOSS,STOP_LOSS,9229.3508876
